{"0": [[16.3157, 48.1663, 16.3307625, 48.17395], [16.3157, 48.17395, 16.3307625, 48.1816], [16.3157, 48.1816, 16.3307625, 48.18925], [16.3157, 48.18925, 16.3307625, 48.1969], [16.3307625, 48.1663, 16.345824999999998, 48.17395], [16.3307625, 48.17395, 16.345824999999998, 48.1816], [16.3307625, 48.1816, 16.345824999999998, 48.18925], [16.3307625, 48.18925, 16.345824999999998, 48.1969], [16.345824999999998, 48.1663, 16.3608875, 48.17395], [16.345824999999998, 48.17395, 16.3608875, 48.1816], [16.345824999999998, 48.1816, 16.3608875, 48.18925], [16.345824999999998, 48.18925, 16.3608875, 48.1969], [16.3608875, 48.1663, 16.37595, 48.17395], [16.3608875, 48.17395, 16.37595, 48.1816], [16.3608875, 48.1816, 16.37595, 48.18925], [16.3608875, 48.18925, 16.37595, 48.1969]], "1": [[16.3157, 48.1969, 16.3307625, 48.20455], [16.3157, 48.20455, 16.3307625, 48.212199999999996], [16.3157, 48.212199999999996, 16.3307625, 48.21985], [16.3157, 48.21985, 16.3307625, 48.2275], [16.3307625, 48.1969, 16.345824999999998, 48.20455], [16.3307625, 48.20455, 16.345824999999998, 48.212199999999996], [16.3307625, 48.212199999999996, 16.345824999999998, 48.21985], [16.3307625, 48.21985, 16.345824999999998, 48.2275], [16.345824999999998, 48.1969, 16.3608875, 48.20455], [16.345824999999998, 48.20455, 16.3608875, 48.212199999999996], [16.345824999999998, 48.212199999999996, 16.3608875, 48.21985], [16.345824999999998, 48.21985, 16.3608875, 48.2275], [16.3608875, 48.1969, 16.37595, 48.20455], [16.3608875, 48.20455, 16.37595, 48.212199999999996], [16.3608875, 48.212199999999996, 16.37595, 48.21985], [16.3608875, 48.21985, 16.37595, 48.2275]], "2": [[16.37595, 48.1663, 16.3910125, 48.17395], [16.37595, 48.17395, 16.3910125, 48.1816], [16.37595, 48.1816, 16.3910125, 48.18925], [16.37595, 48.18925, 16.3910125, 48.1969], [16.3910125, 48.1663, 16.406075, 48.17395], [16.3910125, 48.17395, 16.406075, 48.1816], [16.3910125, 48.1816, 16.406075, 48.18925], [16.3910125, 48.18925, 16.406075, 48.1969], [16.406075, 48.1663, 16.4211375, 48.17395], [16.406075, 48.17395, 16.4211375, 48.1816], [16.406075, 48.1816, 16.4211375, 48.18925], [16.406075, 48.18925, 16.4211375, 48.1969], [16.4211375, 48.1663, 16.4362, 48.17395], [16.4211375, 48.17395, 16.4362, 48.1816], [16.4211375, 48.1816, 16.4362, 48.18925], [16.4211375, 48.18925, 16.4362, 48.1969]], "3": [[16.37595, 48.1969, 16.3910125, 48.20455], [16.37595, 48.20455, 16.3910125, 48.212199999999996], [16.37595, 48.212199999999996, 16.3910125, 48.21985], [16.37595, 48.21985, 16.3910125, 48.2275], [16.3910125, 48.1969, 16.406075, 48.20455], [16.3910125, 48.20455, 16.406075, 48.212199999999996], [16.3910125, 48.212199999999996, 16.406075, 48.21985], [16.3910125, 48.21985, 16.406075, 48.2275], [16.406075, 48.1969, 16.4211375, 48.20455], [16.406075, 48.20455, 16.4211375, 48.212199999999996], [16.406075, 48.212199999999996, 16.4211375, 48.21985], [16.406075, 48.21985, 16.4211375, 48.2275], [16.4211375, 48.1969, 16.4362, 48.20455], [16.4211375, 48.20455, 16.4362, 48.212199999999996], [16.4211375, 48.212199999999996, 16.4362, 48.21985], [16.4211375, 48.21985, 16.4362, 48.2275]]}